feature,importance_pct
Arrival Airport,58.03551252524299
Departure Airport,24.386406251136663
Days Until Departure,10.755666376395942
Departure Time,4.600401083779283
Airline,2.222013763445127
Cabin,0.0
